{
    "accuracy": 0.9991717477883904,
    "confusion_matrix": [
        [
            56639,
            12
        ],
        [
            35,
            60
        ]
    ],
    "classification_report": {
        "0": {
            "precision": 0.9993824328616296,
            "recall": 0.9997881767312139,
            "f1-score": 0.9995852636223251,
            "support": 56651.0
        },
        "1": {
            "precision": 0.8333333333333334,
            "recall": 0.631578947368421,
            "f1-score": 0.718562874251497,
            "support": 95.0
        },
        "accuracy": 0.9991717477883904,
        "macro avg": {
            "precision": 0.9163578830974815,
            "recall": 0.8156835620498175,
            "f1-score": 0.8590740689369111,
            "support": 56746.0
        },
        "weighted avg": {
            "precision": 0.9991044456122166,
            "recall": 0.9991717477883904,
            "f1-score": 0.9991147965058723,
            "support": 56746.0
        }
    }
}